timestamp,slotA-Channel1
18486,128104
18491,128285
18497,128334
18506,128458
18508,128544
18513,128651
18519,128706
18525,128819
18530,128920
18536,128942
18542,129062
18547,129175
18553,129203
18558,129313
18564,129326
18569,129456
18575,129522
18580,129556
18586,129685
18592,129773
18597,129797
18607,129824
18608,129913
18614,130009
18619,130009
18625,130042
18631,130104
18636,130122
18642,130199
18647,130305
18653,130311
18659,130408
18664,130453
18670,130463
18675,130531
18681,130552
18686,130544
18692,130496
18697,130510
18707,130446
18709,130167
18714,129981
18720,129651
18725,129256
18731,128895
18737,128352
18742,127842
18748,127301
18753,126825
18759,126148
18765,125499
18770,125071
18776,124703
18781,124391
18787,124164
18792,123934
18798,123735
18806,123567
18809,123558
18815,123359
18820,123388
18826,123249
18831,123320
18837,123263
18842,123239
18848,123308
18854,123431
18859,123393
18865,123509
18870,123614
18876,123760
18882,123839
18887,124049
18893,124175
18898,124314
18907,124503
18909,124725
18915,124901
18921,125059
18926,125201
18932,125293
18937,125443
18943,125632
18948,125694
18954,125879
18960,126012
18965,126116
18971,126213
18976,126239
18982,126289
18987,126375
18993,126453
18999,126445
19007,126549
19010,126558
19015,126599
19021,126589
19026,126641
19032,126644
19038,126655
19043,126718
19049,126775
19054,126756
19060,126855
19066,126820
19071,126930
19077,127004
19082,126982
19088,127141
19093,127161
19099,127223
19107,127273
19110,127249
19116,127321
19121,127421
19127,127476
19132,127596
19138,127673
19143,127755
19149,127860
19155,127864
19160,127986
19166,128047
19171,128111
19177,128238
19183,128344
19188,128462
19194,128529
19199,128582
19207,128662
19210,128751
19216,128922
19222,128974
19227,129048
19233,129113
19238,129220
19244,129315
19250,129358
19255,129452
19261,129460
19266,129586
19272,129690
19277,129666
19283,129800
19288,129843
19294,129861
19300,129980
19307,130036
19311,130145
19316,130246
19322,130263
19327,130336
19333,130513
19339,130459
19344,130593
19350,130613
19355,130727
19361,130764
19367,130846
19372,130942
19378,130961
19383,131048
19389,131154
19394,131165
19400,131234
19407,131288
19411,131356
19417,131224
19422,131159
19428,131016
19433,130803
19439,130514
19445,130250
19450,129821
19456,129439
19461,128876
19467,128485
19472,127947
19478,127366
19484,126773
19489,126258
19495,125717
19500,125452
19507,125128
19511,124834
19517,124590
19523,124484
19528,124362
19534,124312
19539,124234
19545,124177
19551,124190
19556,124230
19562,124235
19567,124205
19573,124347
19578,124450
19584,124537
19589,124616
19595,124689
19601,124756
19607,124932
19612,124978
19617,125155
19623,125202
19628,125331
19634,125478
19640,125635
19645,125796
19651,125841
19657,126019
19662,126144
19668,126241
19673,126393
19679,126546
19684,126610
19690,126649
19695,126755
19701,126815
19707,126881
19712,126926
19718,126998
19723,127034
19729,127060
19734,127105
19740,127133
19746,127215
19751,127229
19757,127310
19762,127319
19768,127369
19774,127466
19779,127541
19785,127533
19790,127597
19796,127644
19807,127708
19807,127842
19813,127774
19818,127886
19824,127962
19829,128039
19835,128158
19840,128265
19846,128325
19852,128394
19857,128592
19863,128682
19868,128755
19874,128888
19879,128965
19885,129101
19891,129197
19896,129317
19906,129365
19907,129467
19913,129595
19918,129689
19924,129743
19930,129898
19935,129942
19941,130019
19946,130135
19952,130253
19957,130319
19963,130372
19969,130447
19974,130579
19980,130661
19985,130747
19991,130826
19996,130889
20007,130868
20008,130988
20013,131034
20019,131039
20024,131130
20030,131202
20035,131244
20041,131253
20047,131357
20052,131418
20058,131383
20063,131558
20069,131503
20075,131637
20080,131652
20086,131651
20091,131743
20097,131831
20107,131895
20108,132026
20114,132022
20119,132064
20125,132082
20130,132170
20136,132167
20141,132242
20147,132326
20152,132381
20158,132446
20164,132725
20169,132747
20175,132502
20180,132442
20186,132385
20192,132263
20197,132220
20207,131853
20208,131338
20214,130728
20219,129903
20225,129136
20231,128197
20236,127116
20242,126167
20247,125640
20253,125324
20258,125157
20264,125022
20270,125006
20275,124860
20281,124932
20286,124943
20292,124907
20298,124813
20307,124809
20309,124795
20314,124796
20320,124786
20325,124761
20331,124763
20337,124781
20342,124819
20348,124937
20353,124969
20359,125095
20364,125143
20370,125302
20376,125462
20381,125592
20387,125669
20392,125812
20398,125847
20407,126088
20409,126141
20415,126217
20420,126311
20426,126343
20431,126443
20437,126580
20442,126581
20448,126642
20454,126692
20459,126682
20465,126680
20470,126701
20476,126640
20481,126625
20487,126596
20493,126641
20498,126477
20507,126455
20509,126407
20515,126335
20521,126293
20526,126215
20532,126170
20537,126141
20543,126096
20548,126095
20554,126064
20560,126039
20565,126172
20571,126177
20576,126167
20582,126197
20587,126238
20593,126339
20599,126413
20607,126471
20610,126570
20615,126686
20621,126701
20626,126758
20632,126847
20638,126902
20643,126948
20649,127023
20654,127114
20660,127194
20666,127195
20671,127317
20677,127439
20682,127486
20688,127628
20693,127667
20699,127757
20706,127791
20710,127911
20716,127957
20721,127992
20727,127971
20732,128133
20738,128061
20743,128192
20749,128189
20755,128216
20760,128290
20766,128367
20771,128397
20777,128495
20783,128515
20788,128574
20794,128596
20799,128734
20807,128598
20810,128767
20816,128796
20822,128833
20827,128921
20833,129008
20838,129031
20844,129102
20849,129333
20855,129221
20861,129261
20866,129341
20872,129411
20877,129415
20883,129513
20888,129591
20894,129589
20900,129654
20906,129759
20911,129805
20916,129910
20922,130003
20927,130049
20933,130084
20939,130081
20944,129891
20950,129787
20955,129588
20961,129229
20966,128800
20972,128265
20978,127612
20983,126992
20989,126460
20994,125994
21000,125609
21007,125225
21011,124743
21017,124242
21022,123694
21028,123021
21033,122535
21039,122001
21045,121549
21050,121103
21056,120623
21061,120230
21067,119857
21072,119560
21078,119565
21084,119648
21089,119936
21095,120170
21100,120405
21107,120610
21111,120727
21117,120884
21123,120984
21128,121101
21134,121213
21139,121339
21145,121457
21151,121547
21156,121697
21162,121786
21167,121926
21173,122034
21178,122171
21184,122309
21189,122352
21195,122456
21201,122539
21207,122643
21212,122663
21217,122831
21223,122817
21228,122886
21234,122983
21240,123001
21245,123089
21251,123193
21256,123224
21262,123213
21268,123354
21273,123370
21279,123415
21284,123188
21290,123439
21295,123477
21301,123549
21307,123531
21312,123630
21318,123693
21323,123708
21329,123645
21335,123755
21340,123891
21346,123835
21351,123928
21357,123971
21362,123976
21368,124155
21373,124106
21379,124176
21385,124307
21390,124362
21396,124469
21401,124560
21407,124653
21412,124754
21418,124887
21424,124955
21429,125067
21435,125163
21440,125311
21446,125336
21451,125488
21457,125581
21463,125606
21468,125685
21474,125722
21479,125795
21485,125892
21491,125917
21496,126001
21507,126086
21507,126128
21513,126159
21518,126257
21524,126207
21530,126310
21535,126316
21541,126413
21546,126416
21552,126541
21557,126595
21563,126666
21568,126748
21574,126859
21580,126959
21585,127053
21591,127155
21597,127203
21606,127331
21608,127417
21613,127531
21619,127683
21624,127820
21630,127926
21636,128071
21641,128133
21647,128268
21652,128340
21658,128405
21663,128430
21669,128461
21674,128406
21680,128235
21686,128088
21691,127840
21697,127531
21707,127207
21708,126849
21713,126396
21719,125904
21725,125415
21730,124952
21736,124405
21741,123973
21747,123495
21753,123113
21758,122786
21764,122550
21769,122407
21775,122359
21780,122200
21786,122162
21792,122107
21797,122042
21807,122099
21808,122181
21814,122174
21820,122273
21825,122316
21831,122499
21836,122537
21842,122746
21847,122873
21853,122994
21858,123169
21864,123399
21870,123537
21875,123760
21881,123890
21886,124075
21892,124256
21897,124409
21907,124553
21909,124684
21914,124823
21920,124935
21925,125030
21931,125199
21937,125220
21942,125305
21948,125359
21953,125442
21959,125538
21964,125536
21970,125560
21975,125606
21981,125596
21987,125624
21992,125627
21998,125644
22007,125604
22009,125625
22015,125676
22020,125655
22026,125680
22031,125659
22037,125725
22042,125657
22048,125736
22054,125682
22059,125760
22065,125703
22070,125772
22076,125742
22081,125820
22087,125821
22093,125976
22098,125914
22107,125969
22109,126002
22115,126044
22121,126095
22126,126170
22132,126276
22137,126273
22143,126396
22148,126426
22154,126472
22159,126590
22165,126648
22171,126771
22176,126806
22182,126894
22187,126944
22193,126982
22199,127130
22207,127100
22210,127161
22215,127165
22221,127213
22226,127305
22232,127302
22238,127377
22243,127370
22249,127455
22254,127548
22260,127580
22265,127696
22271,127767
22277,127761
22282,127867
22288,128001
22293,127959
22299,128086
22307,128134
22310,128199
22316,128227
22321,128334
22327,128318
22332,128436
22338,128428
22343,128494
22349,128466
22355,128389
22360,128256
22366,128148
22371,127990
22377,127745
22383,127459
22388,127164
22394,126759
22399,126294
22407,125811
22410,125214
22416,124776
22421,124385
22427,123998
22433,123737
22438,123457
22444,123196
22449,123109
22455,122954
22460,122859
22466,122814
22472,122689
22477,122701
22483,122671
22488,122751
22494,122699
22500,122772
22507,122896
22511,122941
22516,123000
22522,123072
22527,123140
22533,123287
22539,123430
22544,123502
22550,123675
22555,123799
22561,123933
22567,124033
22572,124227
22578,124399
22583,124471
22589,124615
22594,124705
22600,124841
22607,124900
22611,125000
22617,125162
22622,125245
22628,125253
22633,125331
22639,125355
22644,125372
22650,125356
22656,125444
22661,125644
22667,125620
22672,125393
22678,125452
22684,125449
22689,125396
22695,125421
22700,125392
22707,125376
22711,125405
22717,125387
22722,125431
22728,125466
22734,125505
22739,125610
22745,125619
22751,125689
22756,125705
22762,125766
22767,125877
22773,125944
22778,126015
22784,126079
22789,126136
22795,126210
22800,126260
22806,126277
22812,126321
22817,126398
22823,126491
22828,126490
22834,126612
22840,126642
22845,126735
22851,126778
22856,126858
22862,126869
22867,127028
22873,127086
22879,127144
22884,127281
22890,127344
22895,127397
22901,127473
22907,127484
22912,127629
22918,127697
22923,127761
22929,127867
22934,127935
22940,128046
22946,128086
22951,128183
22957,128225
22962,128339
22968,128424
22973,128543
22979,128519
22985,128472
22990,128688
22996,128764
23001,128864
23007,128876
23012,128913
23018,128951
23023,128894
23029,128895
23035,128834
23040,128644
23046,128447
23051,128168
23057,127771
23063,127471
23068,127025
23074,126615
23079,126155
23085,125716
23090,125265
23096,124710
23106,124251
23107,123981
23113,123734
23118,123542
23124,123453
23129,123354
23135,123321
23141,123096
23146,123350
23152,123291
23157,123363
23163,123420
23169,123491
23174,123623
23180,123779
23185,123925
23191,124037
23196,124141
23207,124329
23207,124506
23213,124675
23219,124838
23224,125025
23230,125210
23235,125404
23241,125571
23247,125744
23252,125891
23258,126032
23263,126279
23269,126366
23274,126522
23280,126631
23285,126839
23291,126863
23297,127051
23307,127072
23308,127258
23313,127310
23319,127399
23325,127490
23330,127618
23336,127620
23341,127757
23347,127776
23353,127861
23358,127895
23364,128038
23369,128013
23375,128112
23380,128164
23386,128237
23391,128271
23397,128408
23407,128404
23408,128495
23414,128517
23419,128555
23425,128588
23430,128692
23436,128750
23442,128864
23447,128881
23453,128970
23458,129018
23464,129064
23470,129206
23475,129290
23481,129345
23486,129494
23492,129568
23497,129644
23507,129765
23509,129779
23514,129942
23520,130100
23525,130087
23531,130217
23536,130263
23542,130393
23548,130397
23553,130544
23559,130604
23564,130708
23570,130754
23575,130869
23581,130861
23587,131006
23592,131035
23598,131120
23607,131183
23609,131270
23614,131332
23620,131456
23626,131497
23631,131584
23637,131650
23642,131738
23648,131808
23654,131919
23659,132002
23665,132097
23670,132160
23676,132236
23681,132197
23687,132201
23692,132224
23698,132091
23707,131946
23709,131706
23715,131461
23720,131204
23726,130861
23731,130455
23737,130134
23743,129642
23748,129213
23754,128800
23759,128344
23765,128015
23771,127632
23776,127223
23782,126878
23787,126601
23793,126450
23798,126255
23807,126154
23810,126132
23815,126099
23821,126089
23826,126136
23832,126178
23837,126255
23843,126362
23849,126396
23854,126566
23860,126602
23865,126758
23871,126985
23876,127072
23882,127211
23888,127358
23893,127529
23899,127644
23907,127862
23910,127998
23915,128168
23921,128289
23927,128460
23932,128621
23938,128734
23943,128844
23949,129007
23955,129148
23960,129311
23966,129335
23971,129620
23977,129636
23982,129773
23988,129935
23993,129981
23999,130059
24007,130142
24010,130229
24016,130337
24021,130341
24027,130499
24032,130543
24038,130658
24044,130718
24049,130824
24055,130874
24060,131005
24066,131052
24072,131187
24077,131181
24083,131226
24088,131329
24094,131360
24099,131447
24106,131531
24110,131483
24116,131616
24122,131633
24127,131744
24133,131829
24138,131951
24144,132063
24150,132107
24155,132208
24161,132313
24166,132408
24172,132488
24177,132566
24183,132734
24189,132752
24194,132824
24200,132883
24207,133027
24211,133115
24216,133220
24222,133274
24228,133353
24233,133392
24239,133475
24244,133531
24250,133603
24256,133654
24261,133775
24267,133812
24272,133892
24278,133903
24283,133991
24289,134061
24295,134174
24300,134233
24307,134287
24311,134356
24317,134445
24322,134460
24328,134557
24334,134631
24339,134692
24345,134715
24350,134809
24356,134830
24361,134960
24367,134989
24373,134983
24378,134993
24384,135054
24389,134926
24395,134903
24401,134728
24407,134494
24412,134233
24417,133919
24423,133555
24428,133210
24434,132848
24440,132462
24445,132093
24451,131742
24456,131382
24462,131109
24467,130822
24473,130515
24478,130251
24484,130146
24490,129908
24495,129851
24501,129751
24507,129718
24512,129777
24517,129824
24523,129883
24529,129933
24534,130007
24540,130193
24545,130323
24551,130500
24557,130655
24562,130902
24568,131050
24573,131169
24579,131372
24584,131546
24590,131638
24596,131845
24601,132012
24607,132106
24612,132223
24618,132383
24624,132493
24629,132686
24635,132774
24640,132847
24646,132954
24651,133057
24657,133150
24662,133267
24668,133305
24674,133414
24679,133383
24685,133496
24690,133528
24696,133676
24707,133707
24707,133736
24713,133818
24718,134077
24724,133924
24729,133969
24735,133993
24741,134052
24746,134092
24752,134199
24757,134139
24763,134230
24768,134285
24774,134310
24779,134302
24785,134400
24791,134456
24796,134533
24807,134649
24807,134643
24813,134728
24819,134809
24824,134850
24830,134948
24835,135030
24841,135071
24846,135141
24852,135262
24858,135335
24863,135478
24869,135537
24874,135591
24880,135696
24885,135727
24891,135729
24897,135804
24906,135851
24908,135847
24913,135906
24919,136042
24924,135989
24930,136108
24936,136126
24941,136177
24947,136280
24952,136297
24958,136412
24963,136533
24969,136542
24975,136633
24980,136705
24986,136741
24991,136774
24997,136851
25007,136920
25008,136952
25014,136980
25019,137055
25025,137087
25030,137188
25036,137201
25042,137264
25047,137348
25053,137323
25058,137332
25064,137256
25069,137237
25075,137136
25081,136963
25086,136750
25092,136514
25097,136134
25107,135846
25108,135548
25114,135222
25120,134816
25125,134492
25131,134180
25136,133833
25142,133627
25147,133366
25153,133159
25159,133009
25164,132760
25170,132661
25175,132552
25181,132471
25187,132422
25192,132416
25198,132369
25207,132486
25209,132487
25214,132586
25220,132669
25226,132845
25231,132947
25237,133096
25242,133265
25248,133395
25253,133574
25259,133749
25264,133872
25270,134098
25276,134267
25281,134456
25287,134576
25292,134714
25298,134780
25307,135011
25309,135113
25315,135239
25320,135324
25326,135450
25331,135572
25337,135605
25343,135704
25348,135780
25354,135791
25359,135844
25365,135884
25370,135902
25376,135930
25382,135721
25387,136014
25393,136028
25398,136053
25407,136167
25409,136162
25415,136216
25421,136245
25426,136258
25432,136356
25437,136344
25443,136449
25448,136482
25454,136537
25460,136586
25465,136532
25471,136598
25476,136592
25482,136659
25488,136727
25493,136810
25499,136844
25507,136958
25510,137081
25515,137072
25521,137193
25527,137249
25532,137361
25538,137393
25543,137506
25549,137574
25554,137604
25560,137679
25566,137711
25571,137797
25577,137856
25582,137843
25588,137897
25593,137994
25599,138004
25607,138125
25610,138172
25616,138259
25621,138294
25627,138334
25632,138434
25638,138396
25644,138525
25649,138539
25655,138572
25660,138647
25666,138721
25671,138739
25677,138783
25683,138823
25688,138850
25694,138852
25699,138817
25707,138812
25711,138760
25716,138607
25722,138498
25727,138219
25733,137901
25738,137647
25744,137341
25749,136978
25755,136656
25761,136372
25766,136034
25772,135689
25777,135433
25783,135203
25789,134967
25794,134916
25800,134765
25807,134639
25811,134548
25816,134520
25822,134536
25828,134579
25833,134551
25839,134688
25844,134696
25850,134745
25855,134724
25861,135084
25866,135173
25872,135327
25878,135462
25883,135693
25889,135855
25894,135986
25900,136191
25907,136409
25911,136538
25917,136719
25922,136882
25928,136995
25933,137156
25939,137307
25945,137378
25950,137437
25956,137544
25961,137671
25967,137692
25973,137794
25978,137798
25984,137911
25989,137962
25995,138001
26000,138062
26007,138065
26012,138088
26017,138158
26023,138153
26028,138110
26034,138225
26039,138220
26045,138247
26051,138274
26056,138255
26062,138352
26067,138346
26073,138367
26078,138399
26084,138422
26090,138474
26095,138544
26101,138566
26107,138567
26112,138563
26117,138612
26123,138656
26129,138704
26134,138758
26140,138795
26145,138836
26151,138880
26156,138903
26162,139002
26168,138990
26173,139031
26179,138968
26184,139103
26190,139227
26195,139253
26201,139249
26207,139264
26212,139358
26218,139368
26223,139446
26229,139544
26234,139595
26240,139569
26246,139618
26251,139665
26257,139804
26262,139849
26268,139876
26274,139966
26279,139995
26285,140071
26290,140075
26296,140051
26307,140028
26307,139978
26313,139823
26318,139624
26324,139435
26329,139081
26335,138837
26340,138474
26346,138085
26351,137735
26357,137305
26363,137055
26368,136745
26374,136424
26379,136263
26385,136069
26390,135859
26396,135801
26406,135591
26407,135546
26413,135464
26418,135437
26424,135403
26429,135441
26435,135456
26441,135533
26446,135569
26452,135760
26457,135748
26463,135965
26469,136085
26474,136298
26480,136361
26485,136486
26491,136637
26496,136842
26507,136947
26508,137094
26513,137259
26519,137413
26524,137506
26530,137624
26535,137760
26541,137910
26547,137979
26552,138067
26558,138165
26563,138196
26569,138288
26575,138479
26580,138395
26586,138406
26591,138455
26597,138511
26607,138497
26608,138594
26614,138579
26619,138553
26625,138649
26630,138790
26636,138839
26641,138851
26647,138878
26653,138917
26658,138936
26664,139016
26669,139062
26675,139150
26680,139162
26686,139162
26692,139260
26697,139285
26707,139341
26708,139385
26714,139460
26719,139485
26725,139583
26731,139585
26736,139657
26742,139667
26747,139694
26753,139777
26759,139854
26764,139879
26770,139954
26775,139971
26781,140063
26786,140125
26792,140141
26797,140212
26807,140297
26809,140355
26814,140396
26820,140434
26825,140504
26831,140505
26836,140585
26842,140540
26848,140640
26853,140649
26859,140631
26864,140631
26870,140620
26876,140472
26881,140287
26887,140072
26892,139789
26898,139499
26907,139133
26909,138734
26915,138355
26920,137957
26926,137466
26931,137128
26937,136730
26943,136406
26948,136144
26954,135880
26959,135412
26965,135367
26970,135132
26976,134991
26981,134928
26987,134849
26993,134810
26998,134863
27007,134839
27009,134887
27015,134844
27020,135038
27026,135059
27032,135197
27037,135317
27043,135423
27048,135593
27054,135748
27060,135855
27065,136040
27071,136152
27076,136312
27082,136425
27087,136556
27093,136731
27098,136813
27107,136932
27110,137114
27115,137123
27121,137253
27126,137330
27132,137415
27138,137402
27143,137508
27149,137538
27154,137594
27160,137586
27165,137654
27171,137650
27177,137699
27182,137717
27188,137701
27193,137725
27199,137737
27207,137760
27210,137798
27216,137764
27221,137762
27227,137827
27232,137844
27238,137873
27244,137940
27249,137932
27255,137965
27260,138054
27266,138078
27271,138164
27277,138151
27282,138255
27288,138312
27294,138340
27299,138417
27307,138535
27310,138527
27316,138585
27322,138634
27327,138681
27333,138762
27338,138870
27344,138910
27349,139072
27355,139105
27361,139216
27366,139323
27372,139376
27377,139457
27383,139566
27388,139600
27394,139701
27400,139785
27407,139836
27411,139931
27416,139999
27422,140024
27427,140135
27433,140163
27439,140123
27444,140089
27450,139928
27455,139703
27461,139478
27466,139113
27472,138756
27477,138225
27483,137833
27489,137232
27494,136698
27500,136186
27507,135595
27511,135043
27517,134340
27522,133879
27528,133475
27533,133186
27539,132861
27545,132721
27550,132534
27556,132395
27561,132224
27567,132174
27572,132103
27578,132161
27583,132134
27589,132186
27595,132157
27600,132259
27607,132285
27611,132383
27617,132474
27622,132604
27628,132678
27634,132821
27639,132890
27645,133018
27650,133153
27656,133158
27662,133374
27667,133536
27673,133686
27678,133827
27684,133956
27689,134070
27695,134201
27701,134308
27707,134396
27712,134525
27717,134580
27723,134707
27728,134738
27734,134838
27740,134958
27745,135007
27751,135073
27756,135147
27762,135168
27767,135270
27773,135315
27779,135324
27784,135407
27790,135439
27795,135450
27801,135518
27807,135504
27812,135568
27818,135525
27823,135608
27829,135703
27834,135743
27840,135795
27845,135840
27851,135911
27857,135827
27862,136007
27868,136097
27873,136190
27879,136218
27885,136290
27890,136312
27896,136370
27906,136474
27907,136461
27912,136583
27918,136716
27924,136683
27929,136888
27935,136868
27940,136971
27946,137090
27951,137174
27957,137204
27962,137299
27968,137358
27974,137460
27979,137546
27985,137667
27991,137747
27996,137825
28007,137890
28007,137938
28013,138018
28018,138054
28024,138040
28030,138183
28035,138044
28041,138006
28046,137910
28052,137592
28057,137529
28063,137182
28068,136803
28074,136383
28080,135959
28085,135452
28091,134895
28096,134383
28106,133760
28107,133254
28113,132655
28119,132157
28124,131832
28130,131493
28135,131293
28141,131081
28147,130905
28152,130780
28158,130694
28163,130564
28169,130587
28174,130498
28180,130492
28186,130528
28191,130564
28197,130589
28207,130671
28208,130665
28213,130795
28219,130823
28225,130956
28230,131027
28236,131193
28241,131299
28247,131521
28252,131595
28258,131686
28263,131933
28269,131996
28275,132120
28280,132293
28286,132395
28291,132543
28297,132613
28307,132708
28308,132836
28314,132860
28319,132945
28325,133081
28331,133079
28336,133133
28342,133231
28347,133245
28353,133325
28358,133305
28364,133363
28369,133367
28375,133435
28381,133420
28386,133476
28392,133490
28397,133499
28407,133566
28408,133643
28414,133611
28420,133712
28425,133734
28431,133755
28436,133858
28442,133972
28448,134032
28453,134183
28459,134236
28464,134347
28470,134425
28475,134582
28481,134650
28487,134791
28492,134900
28498,135047
28507,135207
28509,135309
28514,135409
28520,135547
28526,135674
28531,135994
28537,135880
28542,135972
28548,136093
28553,136177
28559,136329
28565,136403
28570,136495
28576,136553
28581,136570
28587,136737
28593,136791
28598,136816
28607,136871
28609,136935
28615,136944
28620,137013
28626,137131
28632,137179
28637,137270
28643,137280
28648,137391
28654,137458
28659,137511
28665,137596
28671,137680
28676,137744
28682,137825
28687,137927
28693,137931
28698,137982
28707,137956
28710,137903
28715,137819
28721,137700
28726,137372
28732,136995
28737,136654
28743,136110
28748,135580
28754,134991
28760,134404
28765,133787
28771,133048
28777,132289
28782,131789
28788,131262
28793,130899
28799,130598
28807,130330
28810,130091
28815,129921
28821,129809
28827,129769
28832,129704
28838,129663
28843,129669
28849,129711
28854,129779
28860,129811
28866,129954
28871,130091
28877,130117
28882,130286
28888,130383
28893,130563
28899,130750
28907,130866
28910,131010
28916,131268
28921,131407
28927,131600
28932,131804
28938,131960
28944,132098
28949,132219
28955,132390
28960,132518
28966,132612
28972,132681
28977,132779
28983,132882
28988,132911
28994,132958
28999,133063
29007,133075
29011,133108
29016,133154
29022,133109
29027,133162
29033,133210
29038,133206
29044,133245
29049,133275
29055,133268
29061,133378
29066,133365
29072,133388
29078,133461
29083,133538
29089,133561
29094,133650
29100,133708
29106,133792
29111,133830
29117,133956
29122,133923
29128,134104
29133,134107
29139,134204
29144,134306
29150,134391
29156,134424
29161,134555
29167,134586
29172,134668
29178,134728
29183,134828
29189,134874
29194,134995
29200,135087
29207,135206
29211,135280
29217,135453
29222,135526
29228,135641
29233,135767
29239,135853
29245,136016
29250,136114
29256,136191
29261,136344
29267,136392
29273,136494
29278,136598
29284,136654
29289,136875
29295,136771
29300,136860
29307,136896
29312,136951
29317,137075
29323,137047
29328,137204
29334,137284
29339,137369
29345,137402
29351,137505
29356,137530
29362,137561
29367,137671
29373,137660
29378,137691
29384,137627
29390,137477
29395,137383
29401,137062
29407,136756
29412,136331
29417,135894
29423,135386
29429,134835
29434,134341
29440,133752
29445,133035
29451,132416
29457,131865
29462,131391
29468,131101
29473,130744
29479,130524
29484,130294
29490,130088
29495,130008
29501,129831
29507,129852
29512,129759
29518,129818
29523,129767
29529,129859
29534,129910
29540,130022
29546,130103
29551,130238
29557,130386
29562,130521
29568,130704
29574,130807
29579,131086
29585,131173
29590,131338
29596,131625
29607,131787
29607,132009
29613,132217
29618,132426
29624,132605
29629,132746
29635,132886
29641,133042
29646,133174
29652,133291
29657,133339
29663,133437
29668,133540
29674,133584
29679,133582
29685,133585
29691,133633
29696,133662
29707,133642
29707,133680
29713,133730
29718,133740
29724,133726
29730,133754
29735,133763
29741,133836
29746,133865
29752,133845
29758,133974
29763,134020
29769,134004
29774,134210
29780,134247
29785,134358
29791,134456
29796,134532
29807,134664
29808,134788
29813,134821
29819,134921
29824,135021
29830,135086
29835,135227
29841,135352
29847,135399
29852,135505
29858,135668
29863,135705
29869,135792
29875,135906
29880,135995
29886,136091
29891,136159
29897,136236
29907,136341
29908,136448
29914,136458
29919,136577
29925,136707
29930,136723
29936,136898
29941,136964
29947,137080
29953,137162
29958,137285
29964,137404
29969,137490
29975,137589
29981,137694
29986,137768
29992,137849
29997,137912
30007,138036
30008,138091
30014,138200
30020,138263
30025,138370
30031,138405
30036,138513
30042,138637
30047,138532
30053,138660
30059,138647
30064,138581
30070,138490
30075,138253
30081,138055
30086,137716
30092,137233
30098,136800
30107,136174
30109,135588
30114,134991
30120,134360
30125,133672
30131,132907
30137,132253
30142,131704
30148,131216
30153,130721
30159,130562
30164,130338
30170,130147
30176,129927
30181,129782
30187,129717
30192,129549
30198,129548
30207,129471
30209,129412
30215,129470
30220,129434
30226,129552
30231,129588
30237,129632
30243,129748
30248,129957
30254,129982
30259,130195
30265,130310
30270,130433
30276,130683
30281,130846
30287,130977
30293,131117
30298,131267
30307,131347
30309,131497
30315,131606
30320,131752
30326,131895
30332,131951
30337,132121
30343,132184
30348,132238
30354,132311
30360,132354
30365,132367
30371,132374
30376,132317
30382,132303
30387,132260
30393,132177
30398,132084
30406,132029
30410,131884
30415,131757
30421,131640
30426,131541
30432,131402
30438,131348
30443,131270
30449,131214
30454,131070
30460,131045
30465,130952
30471,130877
30477,130898
30482,130864
30488,130896
30493,130889
30499,130873
30507,130952
30510,130977
30516,131049
30521,131105
30527,131188
30532,131241
30538,131362
30544,131382
30549,131609
30555,131628
30560,131699
30566,131786
30571,131878
30577,131914
30582,131970
30588,131992
30594,132167
30599,132210
30607,132372
30610,132421
30616,132528
30622,132614
30627,132601
30633,132898
30638,133145
30644,133214
30649,133347
30655,133513
30661,133628
30666,133835
30672,134007
30677,134109
30683,134266
30688,134376
30694,134567
30700,134711
30707,134858
30711,134966
30716,135126
30722,135111
30727,135289
30733,135387
30739,135498
30744,135461
30750,135511
30755,135382
30761,135212
30766,135037
30772,134724
30778,134384
30783,133901
30789,133272
30794,132594
30800,131939
30807,131276
30811,130684
30817,130164
30822,129581
30828,128948
30833,128354
30839,127748
30845,127243
30850,126740
30856,126283
30861,125938
30867,125663
30872,125396
30878,125176
30883,124962
30889,124831
30895,124704
30900,124596
30907,124547
30911,124467
30917,124440
30923,124514
30928,124421
30934,124514
30939,124531
30945,124656
30950,124689
30956,124884
30961,124976
30967,125092
30973,125198
30978,125317
30984,125477
30989,125642
30995,125684
31001,125746
31007,125830
31012,125899
31017,125978
31023,126091
31028,126064
31034,126109
31040,126108
31045,126062
31051,126190
31056,126108
31062,125988
31067,125960
31073,125919
31079,125800
31084,125760
31090,125693
31095,125597
31101,125516
31107,125448
31112,125432
31118,125421
31123,125365
31129,125361
31134,125337
31140,125357
31145,125325
31151,125354
31157,125398
31162,125407
31168,125410
31173,125482
31179,125552
31185,125575
31190,125642
31196,125683
31201,125849
31207,125832
31212,125878
31218,126042
31224,126032
31229,126117
31235,126183
31240,126237
31246,126209
31251,126356
31257,126392
31262,126542
31268,126586
31274,126339
31279,126181
31285,126266
31290,126537
31296,127011
31307,127094
31307,127250
31313,127326
31318,127358
31324,127466
31329,127556
31335,127610
31341,127688
31346,127707
31352,127763
31357,127813
31363,127862
31368,127907
31374,127910
31380,127958
31385,127975
31391,128065
31396,128101
31406,128143
31408,128236
31413,128250
31419,128308
31424,128420
31430,128429
31435,128559
31441,128651
31446,128664
31452,128754
31458,128756
31463,128674
31469,128575
31474,128390
31480,128135
31486,127744
31491,127223
31497,126598
31507,125951
31508,125254
31513,124591
31519,123878
31525,123026
31530,122301
31536,121450
31541,120656
31547,119793
31552,118958
31558,118280
31564,117549
31569,116927
31575,116490
31580,116025
31586,115676
31591,115448
31597,115099
31607,114939
31608,114802
31614,114684
31619,114598
31625,114538
31630,114453
31636,114396
31642,114390
31647,114426
31653,114347
31658,114431
31664,114436
31670,114396
31675,114546
31681,114526
31686,114627
31692,114729
31697,114779
31707,114857
31708,114947
31714,114963
31720,115068
31725,115093
31731,115150
31736,115233
31742,115232
31747,115319
31753,115313
31759,115347
31764,115363
31770,115300
31775,115343
31781,115399
31787,115332
31792,115317
31798,115270
31807,115279
31809,115220
31814,115161
31820,115058
31825,115072
31831,115059
31837,115057
31842,115009
31848,115069
31853,115038
31859,115117
31865,115133
31870,115227
31876,115222
31881,115319
31887,115335
31892,115387
31898,115517
31907,115463
31909,115604
31915,115623
31920,115709
31926,115786
31931,115941
31937,116042
31942,116158
31948,116273
31954,116372
31959,116537
31965,116627
31970,116788
31976,116993
31982,117017
31987,117240
31993,117330
31998,117495
32007,117616
32009,117747
32015,117842
32021,118015
32026,118143
32032,118333
32037,118452
32043,118594
32048,118725
32054,118817
32060,118947
32065,119041
32071,119163
32076,119339
32082,119424
32087,119540
32093,119668
32099,119769
32106,119911
32110,119974
32115,120030
32121,120226
32126,120344
32132,120436
32138,120547
32143,120676
32149,120743
32154,120883
32160,120950
32166,121098
32171,121151
32177,121278
32182,121411
32188,121501
32193,121641
32199,121692
32207,121778
32210,121834
32216,121760
32221,121754
32227,121600
32232,121403
32238,121085
32244,120670
32249,120068
32255,119534
32260,118844
32266,118271
32271,117637
32277,116984
32282,116463
32288,115922
32294,115438
32299,114923
32307,114439
32310,114012
32316,113604
32322,113272
32327,112925
32333,112615
32338,112353
32344,112061
32349,111949
32355,111769
32361,111691
32366,111616
32372,111606
32377,111567
32383,111569
32388,111634
32394,111655
32400,111711
32407,111744
32411,111742
32416,111923
32422,111970
32427,112033
32433,112184
32439,112229
32444,112347
32450,112458
32455,112507
32461,112701
32466,112668
32472,112840
32478,112907
32483,113041
32489,113092
32494,113121
32500,113122
32507,113255
32511,113237
32517,113256
32522,113259
32528,113329
32533,113202
32539,113220
32545,113164
32550,113150
32556,113123
32561,113100
32567,113045
32572,113027
32578,112965
32583,112984
32589,112957
32595,112927
32600,112987
32607,112961
32611,112997
32617,112970
32622,112985
32628,113056
32634,112946
32639,112992
32645,112983
32650,112946
32656,112931
32662,112903
32667,112945
32673,112913
32678,112822
32684,112868
32689,112902
32695,112806
32701,112869
32707,112872
32712,112877
32717,112904
32723,112782
32729,112872
32734,112897
32740,112918
32745,112909
32751,112931
32756,112922
32762,112894
32767,113019
32773,113018
32779,113022
32784,113038
32790,113093
32795,113112
32801,113173
32807,113139
32812,113201
32818,113201
32823,113191
32829,113183
32834,113237
32840,113282
32846,113289
32851,113339
32857,113340
32862,113348
32868,113320
32873,113347
32879,113490
32885,113500
32890,113513
32896,113561
32907,113666
32907,113651
32912,113761
32918,113903
32924,114028
32929,114003
32935,114098
32940,114198
32946,114236
32951,114310
32957,114382
32963,114348
32968,114111
32974,114237
32979,114198
32985,114012
32991,113665
32996,113416
33007,112920
33007,112406
33013,111843
33018,111055
33024,110227
33030,109240
33035,108139
33041,107042
33046,106007
33052,105043
33057,104104
33063,103234
33068,102467
33074,101728
33080,100999
33085,100435
33091,99825
33096,99343
33106,98825
33107,98395
33113,97938
33119,97542
33124,97106
33130,96887
33135,96546
33141,96258
33146,95946
33152,95679
33158,95470
33163,95237
33169,94892
33175,94861
33180,94576
33186,94394
33191,94311
33197,94173
33207,93951
33208,94014
33213,93928
33219,93866
33225,93788
33230,93628
33236,93642
33241,93610
33247,93578
33252,93427
33258,93376
33264,93355
33269,93304
33275,93303
33280,93193
33286,93225
33291,93168
33297,93146
33307,93105
33308,93104
33314,93002
33319,92997
33325,92904
33330,92917
33336,92888
33342,92825
33347,92816
33353,92772
33358,92743
33364,92722
33370,92627
33375,92671
33381,92622
33386,92627
33392,92535
33397,92533
33407,92531
33409,92543
33414,92496
33420,92489
33425,92467
33431,92433
33436,92419
33442,92519
33447,92583
33453,92600
33459,92628
33464,92694
33470,92832
33475,92850
33481,92929
33487,93076
33492,93046
33498,93126
33507,93253
33509,93169
33514,93322
33520,93296
33526,93302
33531,93380
33537,93423
33542,93431
33548,93631
33553,93634
33559,93681
33565,93689
33570,93869
33576,93889
33581,94058
33587,94040
33592,94215
33598,94226
33607,94333
33609,94325
33615,94439
33620,94518
33626,94514
33631,94783
33637,94858
33643,94948
33648,95103
33654,95195
33659,95305
33665,95475
33670,95600
33676,95692
33682,95796
33687,95910
33693,96149
33698,96232
33707,96386
33709,96547
33715,96616
33721,96646
33726,96594
33732,96544
33737,96379
33743,96142
33749,95851
33754,95511
33760,95125
33765,94693
33771,94171
33776,93660
33782,92982
33787,92327
33793,91726
33799,91157
33807,90667
33810,90277
33815,89933
33821,89667
33826,89282
33832,89035
33838,88796
33843,88697
33849,88501
33854,88442
33860,88386
33866,88308
33871,88280
33877,88316
33882,88263
33888,88381
33893,88408
33899,88495
33907,88575
33910,88692
33916,88841
33921,88916
33927,89097
33932,89266
33938,89375
33944,89546
33949,89627
33955,89836
33960,89989
33966,90138
33971,90263
33977,90484
33983,90569
33988,90714
33994,90801
33999,90932
34007,91189
34010,91196
34016,91257
34022,91479
34027,91452
34033,91525
34038,91563
34044,91601
34050,91641
34055,91735
34061,91735
34066,91768
34072,91794
34077,91881
34083,91911
34089,92006
34094,92058
34100,92090
34107,92164
34111,92251
34116,92243
34122,92420
34128,92466
34133,92591
34139,92713
34144,92770
34150,92930
34155,93018
34161,93136
34167,93311
34172,93473
34178,93569
34183,93770
34189,93875
34195,93961
34200,94116
34206,94289
34211,94495
34217,94589
34222,94727
34228,94964
34234,95112
34239,95313
34245,95436
34250,95616
34256,95832
34261,95975
34267,96130
34272,96308
34278,96469
34284,96648
34289,96782
34295,96905
34300,97144
34307,97215
34312,97394
34317,97614
34323,97655
34328,97977
34334,98155
34339,98214
34345,98485
34351,98561
34356,98695
34362,98975
34367,99087
34373,99233
34378,99429
34384,99700
34390,99804
34395,99897
34401,100033
34407,100225
34412,100411
34417,100542
34423,100696
34429,100856
34434,100952
34440,101051
34445,101143
34451,101121
34456,101089
34462,100962
34468,100937
34473,100699
34479,100475
34484,100149
34490,99697
34496,99298
34501,98849
34507,98426
34512,98104
34518,97780
34523,97507
34529,97213
34534,96994
34540,96741
34546,96612
34551,96403
34557,96302
34562,96184
34568,96169
34574,96161
34579,96149
34585,96173
34590,96186
34596,96247
34607,96279
34607,96389
34613,96503
34618,96611
34624,96753
34629,96858
34635,96979
34640,97110
34646,97309
34651,97486
34657,97610
34663,97840
34668,97960
34674,98043
34679,98264
34685,98364
34691,98638
34696,98819
34706,98939
34707,99161
34713,99248
34718,99399
34724,99632
34730,99638
34735,99783
34741,99926
34746,99889
34752,100023
34758,100153
34763,100329
34769,100237
34774,100323
34780,100357
34785,100460
34791,100499
34796,100603
34807,100667
34808,100681
34813,100728
34819,100879
34824,100867
34830,101022
34835,101092
34841,101131
34847,101252
34852,101366
34858,101464
34863,101555
34869,101687
34875,101773
34880,101845
34886,101959
34891,102142
34897,102208
34907,102400
34908,102478
34914,102592
34919,102770
34925,102926
34930,103054
34936,103306
34941,103427
34947,103654
34953,103787
34958,103981
34964,104179
34969,104325
34975,104483
34980,104645
34986,104727
34991,104935
34997,105085
35007,105222
35008,105382
35014,105556
35019,105514
35025,105782
35030,105953
35036,106065
35042,106203
35047,106268
35053,106350
35058,106565
35064,106721
35070,106762
35075,106936
35081,107004
35086,107148
35092,107308
35097,107438
35107,107565
35109,107665
35114,107783
35120,107986
35125,108091
35131,108229
35136,108355
35142,108489
35148,108571
35153,108730
35159,108815
35164,109060
35170,109020
35175,109105
35181,109165
35187,109159
35192,109076
35198,109046
35206,108827
35209,108664
35214,108367
35220,108189
35226,107738
35231,107337
35237,106837
35242,106335
35248,105920
35254,105436
35259,105077
35265,104806
35270,104602
35276,104359
35281,104283
35287,104032
35292,103938
35298,103879
35307,103864
35309,103855
35315,103865
35320,103831
35326,104016
35332,103968
35337,104097
35343,104258
35348,104318
35354,104385
35359,104541
35365,104654
35370,104850
35376,104923
35382,105109
35387,105208
35393,105438
35398,105513
35406,105745
35410,105921
35415,106158
35421,106233
35426,106504
35432,106634
35437,106811
35443,106997
35449,107099
35454,107299
35460,107437
35465,107559
35471,107666
35476,107850
35482,107901
35488,108029
35493,108122
35499,108219
35507,108307
35510,108361
35516,108466
35521,108519
35527,108565
35532,108668
35538,108737
35543,108825
35549,108906
35554,108995
35560,109098
35566,109159
35571,109290
35577,109391
35582,109482
35588,109567
35594,109654
35599,109808
35606,109914
35610,110078
35616,110142
35621,110314
35627,110380
35633,110495
35638,110754
35644,110769
35649,110864
35655,111047
35660,111141
35666,111297
35672,111418
35677,111478
35683,111708
35688,111738
35694,111891
35699,112086
35707,112158
35711,112258
35716,112359
35722,112550
35727,112643
35733,112734
35738,113129
35744,112929
35750,113029
35755,113132
35761,113237
35766,113319
35772,113416
35778,113514
35783,113656
35789,113731
35794,113745
35800,113899
35806,114011
35811,114152
35816,114217
35822,114300
35828,114483
35833,114513
35839,114607
35844,114658
35850,114758
35856,114857
35861,114951
35867,114965
35872,115101
35878,115134
35883,115350
35889,115296
35894,115406
35900,115404
35907,115471
35911,115437
35917,115355
35922,115315
35928,115094
35934,115002
35939,114875
35945,114589
35950,114287
35956,113999
35961,113563
35967,113141
35973,112593
35978,112134
35984,111725
35989,111272
35995,110984
36000,110724
36007,110442
36012,110307
36017,110201
36023,110058
36028,109886
36034,109867
36040,109844
36045,109811
36051,109830
36056,109910
36062,109992
36067,110049
36073,110148
36078,110209
36084,110382
36090,110472
36095,110629
36101,110428
36107,110876
36112,111024
36117,111136
36123,111288
36129,111435
36134,111636
36140,111724
36145,111910
36151,112102
36157,112215
36162,112325
36168,112457
36173,112571
36179,112703
36184,112782
36190,112911
36195,112993
36201,113033
36207,113118
36212,113205
36218,113199
36223,113323
36229,113360
36235,113417
36240,113398
36246,113451
36251,113515
36257,113878
36262,113592
36268,113623
36274,113644
36279,113765
36285,113714
36290,113887
36296,113938
36307,113730
36307,114094
36313,114187
36318,114225
36324,114387
36329,114458
36335,114551
36340,114654
36346,114738
36352,114850
36357,114982
36363,115084
36368,115153
36374,115239
36379,115362
36385,115547
36391,115619
36396,115754
36407,115786
36407,115914
36413,116048
36419,116186
36424,116221
36430,116354
36435,116406
36441,116555
36446,116647
36452,116720
36457,116855
36463,116900
36469,116959
36474,117167
36480,117155
36485,117262
36491,117374
36497,117538
36506,117359
36508,117664
36513,117697
36519,117827
36524,117814
36530,117991
36536,118009
36541,118094
36547,118131
36552,118256
36558,118306
36563,118439
36569,118532
36574,118659
36580,118694
36586,118781
36591,118838
36597,118913
36607,118968
36608,118985
36614,118979
36619,118987
36625,118862
36630,118774
36636,118639
36641,118408
36647,118209
36653,117975
36658,117627
36664,117332
36669,116960
36675,116502
36680,115995
36686,115570
36692,115112
36697,114725
36706,114415
36708,114099
36714,113905
36719,113751
36725,113632
36731,113538
36736,113499
36742,113389
36747,113431
36753,113427
36758,113457
36764,113433
36770,113488
36775,113526
36781,113630
36786,113716
36792,113827
36797,113926
36807,114129
36809,114199
36814,114376
36820,114555
36825,114752
36831,114838
36836,115000
36842,115081
36848,115289
36853,115414
36859,115611
36864,115708
36870,115836
36876,115926
36881,116130
36887,116184
36892,116339
36898,116363
36907,116489
36909,116522
36915,116534
36920,116620
36926,116640
36931,116634
36937,116712
36942,116733
36948,116731
36954,116812
36959,116798
36965,116911
36970,116912
36976,116939
36981,117005
36987,117021
36993,117125
36998,117193
37007,117273
37009,117334
37015,117391
37020,117445
37026,117552
37032,117748
37037,117748
37043,117844
37048,117954
37054,118065
37060,118421
37065,118274
37071,118390
37076,118476
37082,118536
37087,118631
37093,118774
37098,118871
37107,118988
37110,119044
37115,119144
37121,119283
37126,119364
37132,119416
37138,119560
37143,119573
37149,119657
37154,119821
37160,119905
37165,119912
37171,119998
37176,120030
37182,120181
37188,120222
37193,120341
37199,120391
37207,120495
37210,120498
37215,120565
37221,120716
37227,120762
37232,120840
37238,120855
37243,120992
37249,121096
37255,121128
37260,121278
37266,121300
37271,121368
37277,121452
37282,121483
37288,121530
37294,121521
37299,121453
37307,121365
37310,121301
37316,121092
37321,120846
37327,120663
37333,120391
37338,120024
37344,119697
37349,119316
37355,118823
37360,118238
37366,117727
37372,117224
37377,116849
37383,116430
37388,116216
37394,115889
37400,115636
37407,115498
37411,115321
37416,115208
37422,115115
37427,115041
37433,115012
37439,115009
37444,114908
37450,114947
37455,114939
37461,114962
37466,115018
37472,115131
37477,115187
37483,115275
37489,115333
37494,115436
37500,115695
37507,115792
37511,115831
37516,116065
37522,116202
37528,116323
37533,116471
37539,116647
37544,116771
37550,116917
37555,117144
37561,117203
37567,117281
37572,117377
37578,117452
37584,117544
37589,117595
37595,117666
37600,117779
37607,117773
37611,117837
37617,117816
37622,117916
37628,118027
37634,118020
37639,118093
37645,118098
37650,118117
37656,118169
37661,118190
37667,118272
37673,118306
37678,118335
37684,118457
37689,118554
37695,118678
37700,118663
37707,118744
37712,118897
37717,118925
37723,119048
37728,119131
37734,119285
37739,119375
37745,119398
37751,119566
37756,119725
37762,119759
37767,119863
37773,120032
37779,120079
37784,120176
37790,120276
37795,120365
37801,120555
37807,120595
37812,120695
37818,120808
37823,120877
37829,120998
37834,121101
37840,121128
37845,121249
37851,121288
37856,121366
37862,121528
37868,121554
37873,121658
37879,121768
37884,121833
37890,121847
37896,122010
37901,122079
37907,122192
37912,122216
37918,122276
37923,122370
37929,122467
37935,122490
37940,122568
37946,122695
37951,122720
37957,122738
37963,122768
37968,122709
37974,122605
37979,122447
37985,122228
37990,122066
37996,121879
38007,121531
38007,121180
38013,120818
38018,120343
38024,119873
38029,119207
38035,118661
38041,118194
38046,117675
38052,117280
38057,116945
38063,116645
38068,116394
38074,116155
38079,116097
38085,115814
38091,115730
38096,115689
38107,115638
38107,115658
38113,115633
38118,115583
38124,115735
38130,115788
38135,115855
38141,115926
38146,116086
38152,116120
38158,116306
38163,116347
38169,116508
38174,116622
38180,116760
38185,116906
38191,117058
38196,117170
38207,117354
38208,117472
38213,117573
38219,117725
38224,117753
38230,117907
38235,118153
38241,118062
38247,118248
38252,118266
38258,118230
38263,118374
38269,118402
38275,118489
38280,118552
38286,118577
38291,118515
38297,118660
38307,118625
38308,118667
38314,118780
38319,118766
38325,118755
38330,118780
38336,118787
38342,118945
38347,118934
38353,118934
38358,119045
38364,119090
38369,119096
38375,119216
38380,119215
38386,119325
38392,119446
38397,119424
38407,119506
38408,119648
38414,119568
38419,119751
38425,119857
38431,119891
38436,119997
38442,120074
38447,120101
38453,120238
38458,120272
38464,120368
38470,120481
38475,120492
38481,120645
38486,120751
38492,120780
38498,120846
38507,120906
38509,121013
38514,121093
38520,121191
38525,121272
38531,121352
38537,121405
38542,121474
38548,121582
38553,121709
38559,121805
38564,121903
38570,121998
38576,122051
38581,122098
38587,122118
38592,122130
38598,122169
38607,122132
38609,121982
38614,121826
38620,121766
38626,121507
38631,121217
38637,120934
38643,120600
38648,120072
38654,119600
38659,119005
38665,118427
38670,117912
38676,117416
38681,117045
38687,116653
38693,116376
38698,116044
38707,115810
38709,115604
38715,115494
38720,115323
38726,115261
38732,115093
38737,115030
38743,115008
38748,115039
38754,114980
38759,115029
38765,114998
38771,115078
38776,115074
38782,115160
38787,115268
38793,115283
38799,115291
38807,115526
38810,115620
38815,115793
38821,115918
38826,116096
38832,116219
38838,116314
38843,116537
38849,116641
38854,116853
38860,116944
38865,117029
38871,117194
38877,117321
38882,117405
38888,117537
38893,117609
38899,117744
38907,117784
38910,117893
38916,118051
38921,118033
38927,118147
38932,118263
38938,118237
38943,118401
38949,118336
38955,118486
38960,118556
38966,118525
38971,118622
38977,118735
38982,118699
38988,118818
38994,118907
38999,118923
39007,119088
39010,119098
39016,119221
39021,119283
39027,119416
39033,119471
39038,119525
39044,119661
39049,119681
39055,119830
39061,119877
39066,119950
39072,120037
39077,120100
39083,120236
39088,120270
39094,120248
39099,120450
39107,120516
39111,120623
39116,120632
39122,120768
39127,120820
39133,120952
39138,120899
39144,121079
39150,121073
39155,121126
39161,121213
39166,121284
39172,121377
39178,121409
39183,121469
39189,121611
39194,121707
39200,121729
39207,121831
39211,121905
39217,121974
39222,122036
39228,122117
39233,122222
39239,122266
39244,122242
39250,122282
39256,122210
39261,122112
39267,122036
39272,121783
39278,121555
39283,121343
39289,120978
39295,120579
39300,120044
39307,119492
39311,118797
39317,118218
39322,117723
39328,117236
39334,116825
39339,116452
39345,116084
39350,115885
39356,115643
39361,115508
39367,115309
39373,115224
39378,115080
39384,115112
39389,115049
39395,115058
39401,115074
39407,115148
39412,115174
39417,115253
39423,115315
39428,115412
39434,115525
39440,115571
39445,115729
39451,115848
39456,115985
39462,116111
39467,116178
39473,116358
39478,116558
39484,116579
39490,116779
39495,116903
39501,117024
39507,117190
39512,117298
39517,117390
39523,117506
39529,117612
39534,117683
39540,117799
39545,117900
39551,117944
39557,117904
39562,118146
39568,118122
39573,118259
39579,118330
39584,118342
39590,118473
39596,118507
39606,118597
39607,118652
39612,118756
39618,118825
39623,118868
39629,118975
39635,119025
39640,119174
39646,119240
39651,119326
39657,119518
39662,119554
39668,119674
39674,119720
39679,119801
39685,119953
39690,119990
39696,120152
39707,120241
39707,120290
39713,120394
39718,120545
39724,120559
39729,120736
39735,120815
39741,120844
39746,120988
39752,121039
39757,121143
39763,121251
39768,121315
39774,121372
39780,121524
39785,121466
39791,121580
39796,121734
39807,121734
39807,121868
39813,121909
39819,122024
39824,122080
39830,122169
39835,122174
39841,122317
39846,122371
39852,122373
39858,122494
39863,122540
39869,122651
39874,122705
39880,122781
39886,122894
39891,122866
39897,122805
39907,123027
39908,123151
39913,123211
39919,123180
39925,123228
39930,123211
39936,123149
39941,123032
39947,122930
39952,122734
39958,122512
39963,122278
39969,121966
39975,121673
39980,121352
39986,120894
39991,120539
39997,119998
40007,119395
40008,119028
40014,118634
40019,118209
40025,118026
40030,117780
40036,117433
40042,117365
40047,117226
40053,117143
40058,117085
40064,116993
40069,117028
40075,117126
40081,117015
40086,117119
40092,117123
40097,117248
40107,117343
40108,117438
40114,117585
40120,117724
40125,117785
40131,117793
40136,118174
40142,118241
40147,118440
40153,118519
40159,118689
40164,118814
40170,118954
40175,119062
40181,119228
40187,119254
40192,119399
40198,119516
40207,119597
40209,119665
40214,119734
40220,119794
40226,119827
40231,119946
40237,119953
40242,120112
40248,120098
40253,120132
40259,120172
40265,120273
40270,120273
40276,120297
40281,120369
40287,120442
40292,120533
40298,120592
40307,120655
40309,120742
40315,120714
40320,120879
40326,120970
40331,121080
40337,121113
40342,121186
40348,121309
40354,121397
40359,121512
40365,121577
40370,121743
40376,121861
40382,121842
40387,122004
40393,122084
40398,122099
40407,122233
40409,122309
40415,122386
40421,122556
40426,122484
40432,122643
40437,122653
40443,122707
40448,122847
40454,122947
40460,122986
40465,123079
40471,123146
40476,123268
40482,123363
40487,123397
40493,123557
40499,123548
40507,123653
40510,123669
40515,123802
40521,123867
40526,123922
40532,124018
40538,124074
40543,124105
40549,124210
40554,124238
40560,124297
40566,124389
40571,124403
40577,124472
40582,124531
40588,124533
40593,124625
40599,124661
40607,124665
40610,124705
40616,124677
40621,124652
40627,124552
40632,124438
40638,124244
40644,124099
40649,123826
40655,123577
40660,123291
40666,122977
40671,122520
40677,122112
40682,121612
40688,121140
40694,120602
40699,120123
40707,119790
40710,119361
40716,119121
40721,118949
40727,118720
40733,118613
40738,118443
40744,118318
40749,118354
40755,118208
40761,118185
40766,118216
40772,118171
40777,118265
40783,118285
40788,118395
40794,118438
40800,118512
40807,118633
40811,118782
40816,118961
40822,119179
40827,119219
40833,119387
40839,119528
40844,119627
40850,119529
40855,119998
40861,120000
40866,120162
40872,120228
40878,120321
40883,120446
40889,120474
40894,120592
40900,120579
40907,120603
40911,120675
40917,120693
40922,120718
40928,120686
40933,120749
40939,120729
40945,120756
40950,120781
40956,120786
40961,120842
40967,120811
40972,120829
40978,120808
40983,120868
40989,120826
40995,120943
41000,120939
41007,120981
41011,121025
41017,121090
41023,121135
41028,121299
41034,121361
41039,121358
41045,121504
41050,121650
41056,121733
41062,121833
41067,121901
41073,122040
41078,122131
41084,122211
41090,122286
41095,122432
41101,122446
41107,122631
41112,122676
41117,122763
41123,122862
41128,122926
41134,123014
41140,123110
41145,123146
41151,123235
41156,123352
41162,123387
41168,123512
41173,123561
41179,123634
41184,123712
41190,123667
41195,123861
41201,124000
41207,123991
41212,124054
41218,124176
41223,124173
41229,124311
41234,124341
41240,124364
41245,124515
41251,124555
41257,124640
41262,124706
41268,124760
41273,124768
41279,124869
41285,124871
41290,124943
41296,124987
41301,125038
41307,125138
41312,125141
41318,125093
41324,125130
41329,125246
41335,124953
41340,124829
41346,124625
41351,124451
41357,124140
41363,123795
41368,123444
41374,123052
41379,122432
41385,121886
41390,121269
41396,120782
41407,120319
41407,119913
41413,119538
41418,119259
41424,118960
41429,118779
41435,118607
41441,118440
41446,118344
41452,118222
41457,118163
41463,118210
41469,118093
41474,118265
41480,118295
41485,118263
41491,118416
41496,118493
41507,118606
41508,118656
41513,118780
41519,118939
41524,119052
41530,119166
41535,119302
41541,119458
41547,119589
41552,119645
41558,119817
41563,120018
41569,120097
41574,120197
41580,120303
41585,120461
41591,120493
41597,120653
41607,120717
41608,120772
41613,120784
41619,120808
41624,120900
41630,120955
41636,120942
41641,120992
41647,120912
41652,120976
41658,120966
41664,120937
41669,120932
41675,121044
41680,120964
41686,121099
41691,121011
41697,121085
41707,121097
41708,121160
41714,121207
41719,121251
41725,121297
41730,121457
41736,121504
41742,121502
41747,121624
41753,121651
41758,121755
41764,121918
41769,122014
41775,122159
41781,122272
41786,122287
41792,122482
41797,122577
41807,122621
41808,122724
41814,122849
41820,122983
41825,123042
41831,123157
41836,123226
41842,123339
41848,123372
41853,123468
41859,123621
41864,123689
41870,123809
41875,123846
41881,123940
41886,123913
41892,124055
41898,124083
41906,124145
41909,124295
41914,124334
41920,124413
41925,124583
41931,124538
41937,124651
41942,124732
41948,124794
41953,124901
41959,124949
41965,125006
41970,125118
41976,125165
41981,125213
41987,125308
41992,125341
41998,125461
42007,125544
42009,125604
42015,125637
42020,125616
42026,125600
42031,125620
42037,125484
42043,125372
42048,125136
42054,124917
42059,124670
42065,124424
42070,124124
42076,123704
42082,123200
42087,122710
42093,122185
42098,121568
42106,121029
42110,120584
42115,120189
42121,119847
42126,119566
42132,119235
42137,119120
42143,118903
42148,118801
42154,118760
42160,118613
42165,118572
42171,118608
42176,118564
42182,118628
42188,118676
42193,118700
42199,118739
42207,118804
42210,118866
42215,119057
42221,119168
42227,119312
42232,119442
42238,119489
42243,119744
42249,119923
42254,120017
42260,120184
42266,120338
42271,120460
42277,120592
42282,120747
42288,120894
42293,120976
42299,121032
42307,121188
42310,121268
42316,121369
42321,121492
42327,121514
42332,121536
42338,121630
42344,121623
42349,121742
42355,121724
42360,121677
42366,121748
42372,121708
42377,121761
42383,121755
42388,121788
42394,121869
42399,121829
42407,121954
42411,121926
42416,121966
42422,122112
42427,122223
42433,122136
42438,122288
42444,122335
42450,122420
42455,122504
42461,122564
42466,122639
42472,122762
42477,122859
42483,122982
42488,123044
42494,123185
42500,123212
42507,123360
42511,123494
42516,123520
42522,123628
42527,123696
42533,123801
42539,123954
42544,124002
42550,124147
42555,124212
42561,124273
42567,124400
42572,124565
42578,124480
42583,124643
42589,124698
42594,124808
42600,124946
42607,124918
42611,124938
42617,125041
42622,125090
42628,125203
42634,125303
42639,125406
42645,125392
42650,125526
42656,125580
42661,125641
42667,125780
42672,125729
42678,125855
42684,125964
42689,125974
42695,126031
42700,126111
42707,126174
42711,126271
42717,126324
42723,126364
42728,126304
42734,126424
42739,126473
42745,126369
42750,126282
42756,126136
42762,126010
42767,125762
42773,125526
42778,125309
42784,124976
42790,124611
42795,124208
42801,123750
42807,123329
42812,122732
42817,122247
42823,121739
42829,121388
42834,121092
42840,120807
42845,120639
42851,120472
42856,120258
42862,120237
42868,120266
42873,120179
42879,120177
42884,120167
42890,120217
42895,120255
42901,120351
42907,120457
42912,120486
42918,120557
42923,120699
42929,120831
42934,121008
42940,121081
42945,121265
42951,121425
42957,121556
42962,121726
42968,121890
42973,122006
42979,122164
42985,122266
42990,122456
42996,122571
43007,122680
43007,122802
43013,122879
43018,122888
43024,123044
43029,123102
43035,123160
43040,123168
43046,123248
43051,123229
43057,123343
43063,123378
43068,123415
43074,123371
43079,123396
43085,123423
43091,123490
43096,123482
43107,123522
43107,123526
43113,123546
43118,123602
43124,123655
43130,123699
43135,123774
43141,123848
43146,123887
43152,124064
43157,124098
43163,124159
43169,124256
43174,124263
43180,124409
43185,124535
43191,124544
43196,124691
43207,124732
43208,124876
43213,124931
43219,125017
43224,125148
43230,125224
43235,125333
43241,125442
43247,125544
43252,125684
43258,125730
43263,125810
43269,125964
43275,125969
43280,126070
43286,126165
43291,126288
43297,126416
43307,126430
43308,126374
43314,126606
43319,126584
43325,126716
43330,126816
43336,126894
43341,126958
43347,127061
43353,127100
43358,127212
43364,127216
43369,127296
43375,127379
43380,127395
43386,127558
43391,127659
43397,127611
43406,127744
43408,127866
43414,127910
43419,127959
43425,128033
43430,128062
43436,128102
43442,128123
43447,128097
43453,128106
43458,128073
43464,127968
43470,127815
43475,127618
43481,127378
43486,127265
43492,126943
43497,126654
43507,126324
43509,126003
43514,125564
43520,125193
43525,124805
43531,124409
43536,124049
43542,123682
43548,123419
43553,123221
43559,123070
43564,122976
43570,122890
43575,122833
43581,122789
43587,122832
43592,122824
43598,122907
43606,122856
43609,123007
43614,123093
43620,123172
43626,123271
43631,123459
43637,123561
43642,123716
43648,123764
43654,124019
43659,124141
43665,124329
43670,124392
43676,124545
43681,124721
43687,124829
43692,124926
43698,125097
43707,125165
43709,125250
43715,125329
43720,125442
43726,125500
43732,125589
43737,125610
43743,125673
43748,125724
43754,125729
43759,125812
43765,125878
43770,125880
43776,125982
43782,125981
43787,126020
43793,126031
43798,126114
43806,126170
43810,126272
43815,126276
43821,126310
43826,126329
43832,126430
43837,126470
43843,126499
43849,126571
43854,126590
43860,126600
43865,126556
43871,126768
43876,126879
43882,126963
43888,127039
43893,127042
43899,127186
43907,127285
43910,127345
43916,127416
43921,127567
43927,127673
43932,127751
43938,127825
43943,127961
43949,127981
43954,128013
43960,128084
43966,128198
43971,128268
43977,128377
43982,128348
43988,128431
43994,128545
43999,128561
44006,128532
44010,128709
44016,128751
44021,128766
44027,128825
44033,128825
44038,128919
44044,128958
44049,128972
44055,128971
44060,129085
44066,129143
44072,129143
44077,129228
44083,129257
44088,129263
44094,129390
44099,129386
44107,129409
44111,129551
44116,129632
44122,129651
44127,129759
44133,129756
44138,129800
44144,129854
44149,129852
44155,129862
44161,129848
44166,129818
44172,129772
44177,129584
44183,129405
44189,129232
44194,128953
44200,128677
44206,128312
44211,128000
44216,127599
44222,127174
44228,126764
44233,126216
44239,125785
44244,125259
44250,124979
44256,124628
44261,124363
44267,124070
44272,124001
44278,123886
44283,123662
44289,123567
44294,123568
44300,123535
44307,123621
44311,123470
44317,123560
44322,123625
44328,123718
44334,123743
44339,123842
44345,123915
44350,123993
44356,124137
44361,124222
44367,124393
44373,124463
44378,124606
44384,124755
44389,124826
44395,124996
44400,125029
44407,125199
44412,125319
44417,125452
44423,125523
44428,125669
44434,125777
44440,125822
44445,125915
44451,126037
44456,126140
44462,126143
44467,126238
44473,126210
44478,126325
44484,126193
44489,126002
44495,126265
44501,126351
44507,126326
44512,126345
44517,126330
44523,126405
44529,126423
44534,126427
44540,126480
44545,126495
44551,126484
44557,126591
44562,126604
44568,126658
44573,126811
44579,126825
44584,126841
44590,127002
44595,127077
44601,127171
44607,127209
44612,127267
44618,127411
44623,127513
44629,127502
44635,127674
44640,127735
44646,127781
44651,127929
44657,128011
44662,128113
44668,128219
44674,128262
44679,128395
44685,128415
44690,128475
44696,128579
44707,128595
44707,128734
44713,128830
44718,128891
44724,128955
44729,129006
44735,129105
44740,129214
44746,129320
44752,129306
44757,129362
44763,129438
44768,129619
44774,129522
44779,129597
44785,129683
44791,129747
44796,129809
44807,129863
44807,130047
44813,130026
44819,130032
44824,130087
44830,130194
44835,130263
44841,130293
44846,130332
44852,130390
44857,130371
44863,130296
44869,130245
44874,130137
44880,129946
44885,129817
44891,129519
44897,129230
44906,128930
44908,128626
44913,128284
44919,127811
44924,127418
44930,126868
44936,126429
44941,125965
44947,125500
44952,125251
44958,124967
44963,124739
44969,124486
44974,124377
44980,124232
44986,124287
44991,124192
44997,124186
45007,124226
45008,124260
45014,124373
45019,124467
45025,124591
45030,124737
45036,124822
45041,124952
45047,125130
45053,125262
45058,125435
45064,125567
45069,125688
45075,125830
45080,126020
45086,126107
45092,126251
45097,126439
45107,126481
45108,126615
45114,126719
45119,126850
45125,126988
45131,127020
45136,127147
45142,127182
45147,127326
45153,127344
45158,127457
45164,127445
45170,127560
45175,127552
45181,127595
45186,127608
45192,127613
45197,127619
45207,127673
45209,127622
45214,127657
45220,127709
45225,127625
45231,127743
45237,127759
45242,127761
45248,127796
45253,127854
45259,127912
45264,127977
45270,128016
45276,128075
45281,128182
45287,128183
45292,128263
45298,128326
45307,128409
45309,128467
45315,128523
45320,128629
45326,128769
45331,128773
45337,128749
45342,128938
45348,129037
45353,129095
45359,129148
45365,129252
45370,129333
45376,129496
45381,129517
45387,129617
45393,129763
45398,129786
45407,129960
45409,129974
45415,130064
45420,130172
45426,130236
45432,130304
45437,130407
45443,130442
45448,130583
45454,130548
45459,130637
45465,130688
45471,130747
45476,130761
45482,130848
45487,130931
45493,131006
45498,130997
45507,131089
45510,131200
45515,131252
45521,131321
45526,131403
45532,131444
45538,131498
45543,131547
45549,131540
45554,131572
45560,131492
45565,131423
45571,131218
45577,131144
45582,130795
45588,130655
45593,130200
45599,130027
45607,129683
45610,129234
45615,128858
45621,128471
45627,127978
45632,127507
45638,127128
45643,126729
45649,126328
45655,126010
45660,125769
45666,125544
45671,125409
45677,125252
45682,125247
45688,125211
45693,125079
45699,125091
45707,125143
45710,125229
45716,125255
45721,125340
45727,125452
45733,125571
45738,125597
45744,125823
45749,125917
45755,126029
45760,126137
45766,126258
45772,126408
45777,126575
45783,126535
45788,126840
45794,126933
45800,127030
45807,127166
45811,127332
45816,127399
45822,127536
45827,127550
45833,127675
45839,127674
45844,127748
45850,127812
45855,127845
45861,127922
45866,127901
45872,127971
45877,127985
45883,128013
45889,128064
45894,128087
45900,128130
45907,128139
45911,128193
45916,128222
45922,128210
45928,128266
45933,128280
45939,128326
45944,128342
45950,128413
45956,128472
45961,128577
45967,128557
45972,128679
45978,128686
45984,128765
45989,128807
45995,128889
46000,128965
46007,129019
46011,129087
46017,129155
46022,129296
46028,129356
46034,129504
46039,129531
46045,129644
46050,129733
46056,129786
46061,129936
46067,130040
46073,130174
46078,130295
46084,130363
46089,130393
46095,130542
46101,130608
46107,130669
46112,130782
46117,130854
46123,130798
46128,130939
46134,131009
46139,131157
46145,131119
46151,131263
46156,131301
46162,131443
46167,131482
46173,131589
46179,131633
46184,131691
46190,131757
46195,131841
46201,131910
46207,132015
46212,131976
46218,132034
46223,132027
46229,131979
46234,131953
46240,131769
46245,131532
46251,131303
46256,131001
46262,130824
46268,130537
46273,130190
46279,129946
46284,129555
46290,129344
46296,128984
46301,128546
46307,128467
46312,128025
46318,127716
46323,127475
46329,127258
46335,127114
46340,126918
46346,126942
46351,126709
46357,126754
46362,126752
46368,126765
46374,126762
46379,126750
46385,126795
46390,126896
46396,126944
46407,127065
46407,127143
46413,127216
46418,127418
46424,127515
46429,127700
46435,127750
46440,127973
46446,128078
46452,128236
46457,128404
46463,128581
46468,128624
46474,128746
46480,128929
46485,129024
46491,129051
46496,129185
46507,129240
46507,129310
46513,129398
46519,129427
46524,129507
46530,129432
46535,129515
46541,129555
46546,129561
46552,129497
46558,129614
46563,129595
46569,129676
46574,129732
46580,129690
46585,129942
46591,129796
46597,129770
46607,129908
46608,129892
46613,129850
46619,129997
46624,130017
46630,130106
46636,130162
46641,130174
46647,130275
46652,130343
46658,130308
46664,130493
46669,130518
46675,130595
46680,130648
46686,130701
46691,130839
46697,130871
46707,130883
46708,130947
46714,131007
46719,131022
46725,131069
46730,131143
46736,131188
46741,131215
46747,131314
46753,131327
46758,131424
46764,131455
46769,131444
46775,131538
46781,131633
46786,131646
46792,131687
46797,131753
46807,131746
46808,131814
46814,131897
46820,132034
46825,132063
46831,132070
46836,132169
46842,132320
46847,132258
46853,132313
46859,132421
46864,132473
46870,132490
46875,132423
46881,132358
46886,132370
46892,132171
46898,131998
46907,131893
46909,131574
46914,131352
46920,131049
46925,130740
46931,130340
46937,129961
46942,129582
46948,129305
46953,128881
46959,128487
46964,128123
46970,127861
46976,127651
46981,127483
46987,127348
46992,127204
46998,127171
47007,127054
47009,127184
47015,127162
47020,127147
47026,127234
47031,127284
47037,127383
47043,127496
47048,127537
47054,127648
47059,127767
47065,127839
47070,127972
47076,128127
47081,128229
47087,128403
47093,128566
47098,128684
47107,128831
47109,128950
47115,129123
47120,129246
47126,129295
47132,129385
47137,129514
47143,129539
47148,129719
47154,129785
47160,129891
47165,129950
47171,130020
47176,130010
47182,130218
47187,130145
47193,130207
47199,130219
47207,130361
47210,130310
47215,130367
47221,130308
47226,130512
47232,130458
47238,130525
47243,130594
47249,130587
47254,130627
47260,130708
47265,130747
47271,130853
47277,130854
47282,130937
47288,131051
47293,131083
47299,131136
47307,131221
47310,131330
47316,131453
47321,131472
47327,131464
47332,131627
47338,131624
47343,131717
47349,131772
47355,131831
47360,131954
47366,131968
47371,132061
47377,132203
47383,132189
47388,132292
47394,132357
47399,132447
47406,132416
47410,132529
47416,132583
47422,132678
47427,132676
47433,132821
47438,132815
47444,133178
47449,132959
47455,132979
47460,133070
47466,133128
47472,133214
47477,133209
47483,133313
47488,133407
47494,133467
47500,133523
47507,133513
47511,133589
47516,133656
47522,133648
47527,133604
47533,133543
47539,133484
47544,133321
47550,133074
47555,132943
47561,132656
47566,132426
47572,132145
47578,131930
47583,131969
47589,131327
47594,130953
47600,130745
47606,130337
47611,130071
47617,129700
47622,129444
47628,129107
47633,128879
47639,128697
47644,128511
47650,128455
47656,128393
47661,128255
47667,128338
47672,128248
47678,128294
47684,128294
47689,128355
47695,128334
47700,128422
47707,128490
47711,128597
47717,128677
47722,128739
47728,128929
47734,128966
47739,129117
47745,129264
47750,129402
47756,129475
47762,129640
47767,129695
47773,129870
47778,129828
47784,130004
47789,130063
47795,130102
47800,130178
47806,130306
47812,130302
47817,130403
47823,130444
47828,130471
47834,130491
47840,130664
47845,130556
47851,130595
47856,130608
47862,130636
47867,130717
47873,130745
47879,130791
47884,130779
47890,130860
47895,130926
47901,131008
47907,130984
47912,131048
47918,131067
47923,131180
47929,131227
47934,131232
47940,131345
47945,131403
47951,131414
47957,131545
47962,131610
47968,131638
47973,131701
47979,131748
47984,131872
47990,131983
47996,132023
48001,132130
48007,132173
48012,132230
48018,132291
48023,132420
48029,132551
48035,132565
48040,132630
48046,132689
48051,132803
48057,132822
48062,132913
48068,132910
48074,132977
48079,132910
48085,133027
48090,133060
48096,133172
48107,133140
48107,133213
48113,133232
48118,133310
48124,133373
48129,133438
48135,133428
48141,133553
48146,133500
48152,133605
48157,133673
48163,133734
48168,133771
48174,133815
48180,133826
48185,133778
48191,133738
48196,133584
48207,133436
48207,133184
48213,132949
48219,132650
48224,132461
48230,132032
48235,131649
48241,131192
48246,130875
48252,130398
48258,130040
48263,129579
48269,129185
48274,128886
48280,128562
48286,128285
48291,128069
48297,127866
48307,127688
48308,127641
48313,127561
48319,127515
48325,127491
48330,127463
48336,127473
48341,127489
48347,127520
48352,127592
48358,127682
48363,127710
48369,127837
48375,127921
48380,127970
48386,128141
48391,128236
48397,128352
48407,128500
48408,128607
48414,128698
48419,128737
48425,128912
48430,128988
48436,129099
48442,129171
48447,129297
48453,129337
48458,129478
48464,129429
48469,129526
48475,129526
48480,129602
48486,129535
48492,129630
48497,129566
48507,129662
48508,129694
48514,129663
48520,129646
48525,129689
48531,129618
48536,129695
48542,129703
48547,129656
48553,129751
48559,129752
48564,129787
48570,129761
48575,129828
48581,129854
48587,129942
48592,129944
48598,130051
48607,130065
48609,130150
48614,130230
48620,130316
48625,130309
48631,130368
48637,130460
48642,130541
48648,130552
48653,130668
48659,130625
48665,130804
48670,130887
48676,130877
48681,131031
48687,131054
48692,131106
48698,131107
48707,131234
48709,131250
48715,131340
48720,131350
48726,131512
48731,131527
48737,131610
48742,131617
48748,131699
48754,131763
48759,131822
48765,131872
48770,131909
48776,132037
48782,132093
48787,132166
48793,132191
48798,132215
48807,132312
48809,132407
48815,132466
48821,132519
48826,132585
48832,132624
48837,132720
48843,132760
48848,132715
48854,132817
48860,132917
48865,132792
48871,132806
48876,132662
48882,132509
48887,132312
48893,132116
48899,131844
48907,131547
48910,131129
48915,130696
48921,130209
48926,129763
48932,129184
48937,128574
48943,128007
48949,127535
48954,127113
48960,126638
48965,126340
48971,126018
48977,125751
48982,125578
48988,125381
48993,125247
48999,125121
49007,125011
49010,125023
49016,124972
49021,124982
49027,124979
49032,124986
49038,125076
49044,125101
49049,125150
49055,125190
49060,125267
49066,125296
49071,125362
49077,125497
49082,125683
49088,125749
49094,125857
49099,125931
49107,126066
49110,126190
49116,126325
49121,126425
49127,126614
49133,126643
49138,126754
49144,126935
49149,127036
49155,127047
49161,127174
49166,127183
49172,127198
49177,127267
49183,127316
49188,127364
49194,127421
49200,127359
49207,127491
49211,127483
49216,127479
49222,127346
49227,127543
49233,127565
49239,127608
49244,127623
49250,127647
49255,127708
49261,127757
49266,127794
49272,127912
49277,127861
49283,127939
49289,128056
49294,128112
49300,128213
49307,128242
49311,128334
49316,128437
49322,128459
49328,128569
49333,128672
49339,128748
49345,128814
49350,128860
49356,129046
49361,129079
49367,129186
49372,129286
49378,129137
49383,129474
49389,129579
49395,129603
49400,129717
49407,129698
49411,129742
49417,129538
49423,129990
49428,129999
49434,130125
49439,130048
49445,130264
49450,130232
49456,130357
49462,130423
49467,130471
49473,130457
49478,130609
49484,130632
49489,130767
49495,130780
49501,130827
49507,130913
49512,130910
49517,131044
49523,131109
49528,131085
49534,131188
49539,131248
49545,131300
49551,131330
49556,131254
49562,131259
49568,131203
49573,130998
49579,130903
49584,130618
49590,130295
49595,130035
49601,129664
49607,129224
49612,128687
49618,128071
49623,127529
49629,126946
49634,126349
49640,125814
49645,125356
49651,124936
49657,124554
49662,124275
49668,123972
49673,123791
49679,123593
49684,123467
49690,123304
49696,123316
49701,123212
49707,123211
49712,123156
49718,123229
49723,123212
49729,123282
49735,123267
49740,123400
49746,123468
49751,123546
49757,123624
49763,123791
49768,123854
49774,124040
49779,124164
49785,124337
49790,124451
49796,124609
49806,124704
49807,124803
49813,124924
49818,125096
49824,125154
49829,125290
49835,125357
49840,125482
49846,125580
49852,125712
49857,125756
49863,125791
49868,125874
49874,125959
49880,126014
49885,126034
49891,126039
49896,126094
49907,126152
49907,126228
49913,126149
49918,126244
49924,126315
49930,126302
49935,126367
49941,126381
49946,126420
49952,126504
49958,126560
49963,126640
49969,126746
49974,126776
49980,126916
49985,126931
49991,126951
49997,127135
50007,127162
50008,127282
50013,127434
50019,127491
50024,127596
50030,127655
50036,127780
50041,127884
50047,128056
50052,128088
50058,128216
50063,128250
50069,128354
50075,128420
50080,128520
50086,128532
50091,128645
50097,128652
50107,128808
50108,128866
50114,128969
50119,129039
50125,129054
50130,129127
50136,129235
50142,129347
50147,129388
50153,129424
50158,129497
50164,129603
50169,129740
50175,129785
50180,129774
50186,129960
50192,130034
50197,130202
50207,130224
50208,130287
50214,130386
50219,130440
50225,130545
50231,130691
50236,130765
50242,130770
50247,130851
50253,130863
50259,130915
50264,130847
50270,130814
50275,130640
50281,130518
50286,130329
50292,130029
50298,129795
50306,129437
50309,129033
50314,128657
50320,128164
50325,127692
50331,127124
50337,126546
50342,126094
50348,125684
50353,125237
50359,124881
50364,124607
50370,124276
50376,124125
50381,123988
50387,123796
50392,123692
50398,123584
50407,123622
50409,123520
50415,123539
50420,123472
50426,123514
50431,123595
50437,123644
50443,123687
50448,123814
50454,123796
50459,123970
50465,124086
50470,124129
50476,124298
50482,124463
50487,124568
50493,124747
50498,124911
50507,125071
50509,125257
50515,125424
50521,125560
50526,125690
50532,125834
50537,125976
50543,126072
50548,126154
50554,126234
50559,126261
50565,126337
50571,126383
50576,126392
50582,126435
50587,126386
50593,126420
50599,126386
50607,126411
50610,126381
50615,126313
50621,126437
50626,126380
50632,126410
50638,126426
50643,126533
50649,126576
50654,126681
50660,126940
50665,126802
50671,126857
50677,127018
50682,127069
50688,127232
50693,127231
50699,127387
50707,127444
50710,127595
50716,127660
50721,127778
50727,127838
50732,127990
50738,128055
50743,128125
50749,128206
50755,128267
50760,128338
50766,128454
50771,128490
50777,128597
50783,128673
50788,128698
50794,128800
50799,128895
50807,128939
50810,129013
50816,129065
50821,129199
50827,129317
50833,129338
50838,129412
50844,129480
50849,129604
50855,129657
50861,129772
50866,129781
50872,129896
50877,129983
50883,130130
50888,130143
50894,130273
50899,130295
50907,130403
50911,130464
50916,130563
50922,130571
50927,130664
50933,130747
50938,130807
50944,130838
50950,130874
50955,130904
50961,130817
50966,130821
50972,130706
50978,130472
50983,130300
50989,130114
50994,129795
51000,129469
51007,129107
51011,128673
51017,128353
51022,127862
51028,127328
51033,126906
51039,126452
51044,126017
51050,125707
51056,125367
51061,125151
51067,124870
51072,124712
51078,124550
51083,124442
51089,124320
51095,124313
51100,124211
51107,124193
51111,124184
51117,124281
51122,124325
51128,124346
51134,124445
51139,124796
51145,124665
51150,124877
51156,124995
51162,125173
51167,125314
51173,125504
51178,125653
51184,125801
51189,125892
51195,126029
51201,126199
51207,126411
51212,126435
51217,126579
51223,126713
51228,126721
51234,126907
51240,126944
51245,127017
51251,127124
51256,127049
51262,127178
51267,127231
51273,127205
51279,127282
51284,127308
51290,127253
51295,127316
51301,127352
51307,127435
51312,127493
51318,127516
51323,127601
51329,127650
51334,127775
51340,127883
51345,127907
51351,127987
51357,128112
51362,128097
51368,128256
51373,128253
51379,128087
51384,128442
51390,128455
51396,128547
51406,128671
51407,128743
51412,128831
51418,128921
51423,129034
51429,129095
51435,129222
51440,129284
51446,129423
51451,129498
51457,129660
51463,129667
51468,129773
51474,129851
51479,129982
51485,130078
51490,130100
51496,130216
51507,130373
51507,130437
51513,130584
51518,130591
51524,130689
51529,130743
51535,130862
51541,130876
51546,131100
51552,131041
51557,131178
51563,131228
51568,131284
51574,131407
51580,131478
51585,131517
51591,131645
51596,131704
51607,131837
51607,131911
51613,132024
51619,132083
51624,132125
51630,132211
51635,132258
51641,132189
51647,132231
51652,132133
51658,132042
51663,131749
51669,131585
51674,131409
51680,131154
51686,130815
51691,130584
51697,130279
51707,129980
51708,129722
51713,129430
51719,129106
51725,128888
51730,128587
51736,128403
51741,128231
51747,127988
51752,127894
51758,127813
51763,127765
51769,127729
51775,127768
51780,127826
51786,127843
51791,127916
51797,127983
51807,128117
51808,128183
51814,128302
51819,128433
51825,128557
51830,128705
51836,128815
51842,129007
51847,129134
51853,129348
51858,129466
51864,129574
51869,129765
51875,129919
51881,130054
51886,130152
51892,130314
51897,130449
51907,130544
51908,130654
51914,130761
51920,130753
51925,130773
51931,130880
51936,130959
51942,131042
51947,131127
51953,131163
51959,131148
51964,131255
51970,131298
51975,131289
51981,131270
51987,131343
51992,131391
51998,131344
52007,131350
52009,131416
52014,131464
52020,131557
52026,131576
52031,131643
52037,131631
52042,131684
52048,131715
52053,131771
52059,131822
52064,131892
52070,131970
52076,132055
52081,132022
52087,132148
52092,132181
52098,132124
52107,132254
52109,132262
52115,132346
52120,132455
52126,132475
52131,132631
52137,132616
52142,132766
52148,132811
52154,132920
52159,132952
52165,133024
52170,133062
52176,133142
52182,133281
52187,133331
52193,133400
52198,133462
52207,133565
52209,133678
52215,133692
52221,133832
52226,133915
52232,133977
52237,134003
52243,134128
52248,134183
52254,134223
52260,134342
52265,134376
52271,134505
52276,134541
52282,134675
52287,134774
52293,134818
52299,135005
52307,134958
52310,135058
52315,135055
52321,135058
52326,135115
52332,135063
52338,135020
52343,134935
52349,134698
52354,134425
52360,134275
52366,133976
52371,133686
52377,133433
52382,133123
52388,132859
52393,132522
52399,132185
52406,131861
52410,131570
52416,131245
52421,131028
52427,130782
52432,130596
52438,130420
52443,130213
52449,130147
52455,130026
52460,130027
52466,129978
52471,129946
52477,129943
52483,130019
52488,130074
52494,130077
52499,130227
52507,130263
52510,130376
52516,130461
52521,130628
52527,130747
52533,130969
52538,131106
52544,131222
52549,131314
52555,131464
52561,131632
52566,131760
52572,131838
52577,131963
52583,132104
52588,132171
52594,132287
52600,132409
52606,132462
52611,132533
52616,132568
52622,132677
52627,132762
52633,132796
52639,132719
52644,132874
52650,132784
52655,132882
52661,132855
52666,132860
52672,132901
52678,132926
52683,132968
52689,133031
52694,132968
52700,133072
52707,133010
52711,133124
52717,133212
52722,133222
52728,133259
52733,133315
52739,133348
52745,133492
52750,133466
52756,133582
52761,133620
52767,133641
52772,133814
52778,133891
52783,133869
52789,133965
52795,134044
52800,134052
52807,134171
52811,134207
52817,134285
52822,134375
52828,134354
52834,134432
52839,134496
52845,134554
52850,134572
52856,134640
52862,134720
52867,134729
52873,134797
52878,134849
52884,134950
52889,134960
52895,135040
52901,135106
52907,135100
52912,135236
52917,135277
52923,135361
52928,135461
52934,135503
52940,135659
52945,135710
52951,135757
52956,135588
52962,135926
52967,136016
52973,136016
52979,136119
52984,136174
52990,136211
52995,136332
53001,136364
53007,136353
53012,136306
53018,136422
53023,136307
53029,136209
53034,136106
53040,135832
53045,135665
53051,135359
53057,135044
53062,134809
53068,134513
53073,134258
53079,134030
